<ImportExportXml version="9.2.24041.216" SolutionPackageVersion="9.2" languagecode="1033" generatedBy="CrmLive" xmlns:xsi="http://www.w3.org/2001/XMLSchema-instance">
  <SolutionManifest>
    <UniqueName>SchedulePracticePlans</UniqueName>
    <LocalizedNames>
      <LocalizedName description="🗓️ Schedule &amp; Practice Plans" languagecode="1033" />
    </LocalizedNames>
    <Descriptions />
    <Version>1.0.0.4</Version>
    <Managed>0</Managed>
    <Publisher>
      <UniqueName>microsoft_poc</UniqueName>
      <LocalizedNames>
        <LocalizedName description="Microsoft PoC" languagecode="1033" />
      </LocalizedNames>
      <Descriptions>
        <Description description="Built by Microsoft for PoC purposes" languagecode="1033" />
      </Descriptions>
      <EMailAddress xsi:nil="true"></EMailAddress>
      <SupportingWebsiteUrl xsi:nil="true"></SupportingWebsiteUrl>
      <CustomizationPrefix>msft</CustomizationPrefix>
      <CustomizationOptionValuePrefix>45924</CustomizationOptionValuePrefix>
      <Addresses>
        <Address>
          <AddressNumber>1</AddressNumber>
          <AddressTypeCode>1</AddressTypeCode>
          <City xsi:nil="true"></City>
          <County xsi:nil="true"></County>
          <Country xsi:nil="true"></Country>
          <Fax xsi:nil="true"></Fax>
          <FreightTermsCode xsi:nil="true"></FreightTermsCode>
          <ImportSequenceNumber xsi:nil="true"></ImportSequenceNumber>
          <Latitude xsi:nil="true"></Latitude>
          <Line1 xsi:nil="true"></Line1>
          <Line2 xsi:nil="true"></Line2>
          <Line3 xsi:nil="true"></Line3>
          <Longitude xsi:nil="true"></Longitude>
          <Name xsi:nil="true"></Name>
          <PostalCode xsi:nil="true"></PostalCode>
          <PostOfficeBox xsi:nil="true"></PostOfficeBox>
          <PrimaryContactName xsi:nil="true"></PrimaryContactName>
          <ShippingMethodCode>1</ShippingMethodCode>
          <StateOrProvince xsi:nil="true"></StateOrProvince>
          <Telephone1 xsi:nil="true"></Telephone1>
          <Telephone2 xsi:nil="true"></Telephone2>
          <Telephone3 xsi:nil="true"></Telephone3>
          <TimeZoneRuleVersionNumber xsi:nil="true"></TimeZoneRuleVersionNumber>
          <UPSZone xsi:nil="true"></UPSZone>
          <UTCOffset xsi:nil="true"></UTCOffset>
          <UTCConversionTimeZoneCode xsi:nil="true"></UTCConversionTimeZoneCode>
        </Address>
        <Address>
          <AddressNumber>2</AddressNumber>
          <AddressTypeCode>1</AddressTypeCode>
          <City xsi:nil="true"></City>
          <County xsi:nil="true"></County>
          <Country xsi:nil="true"></Country>
          <Fax xsi:nil="true"></Fax>
          <FreightTermsCode xsi:nil="true"></FreightTermsCode>
          <ImportSequenceNumber xsi:nil="true"></ImportSequenceNumber>
          <Latitude xsi:nil="true"></Latitude>
          <Line1 xsi:nil="true"></Line1>
          <Line2 xsi:nil="true"></Line2>
          <Line3 xsi:nil="true"></Line3>
          <Longitude xsi:nil="true"></Longitude>
          <Name xsi:nil="true"></Name>
          <PostalCode xsi:nil="true"></PostalCode>
          <PostOfficeBox xsi:nil="true"></PostOfficeBox>
          <PrimaryContactName xsi:nil="true"></PrimaryContactName>
          <ShippingMethodCode>1</ShippingMethodCode>
          <StateOrProvince xsi:nil="true"></StateOrProvince>
          <Telephone1 xsi:nil="true"></Telephone1>
          <Telephone2 xsi:nil="true"></Telephone2>
          <Telephone3 xsi:nil="true"></Telephone3>
          <TimeZoneRuleVersionNumber xsi:nil="true"></TimeZoneRuleVersionNumber>
          <UPSZone xsi:nil="true"></UPSZone>
          <UTCOffset xsi:nil="true"></UTCOffset>
          <UTCConversionTimeZoneCode xsi:nil="true"></UTCConversionTimeZoneCode>
        </Address>
      </Addresses>
    </Publisher>
    <RootComponents>
      <RootComponent type="1" schemaName="msft_practiceplan" behavior="0" />
      <RootComponent type="1" schemaName="msft_schedule" behavior="0" />
      <RootComponent type="1" schemaName="msft_scheduleitem" behavior="0" />
      <RootComponent type="9" schemaName="msft_positiongroups" behavior="0" />
      <RootComponent type="9" schemaName="msft_practicetype" behavior="0" />
      <RootComponent type="9" schemaName="msft_weeknumber" behavior="0" />
      <RootComponent type="20" id="{c5e85f4d-c4e6-ee11-904d-6045bd006c73}" behavior="0" />
      <RootComponent type="29" id="{039aa713-2657-ee11-be6f-6045bd006c73}" behavior="0" />
      <RootComponent type="29" id="{15e5f984-2357-ee11-be6f-6045bd006c73}" behavior="0" />
      <RootComponent type="61" schemaName="msft_PracticePlan16.svg" behavior="0" />
      <RootComponent type="61" schemaName="msft_Schedule16.svg" behavior="0" />
      <RootComponent type="61" schemaName="msft_ScheduleBuilder.svg" behavior="0" />
      <RootComponent type="61" schemaName="msft_ScheduleBuilder18.svg" behavior="0" />
      <RootComponent type="61" schemaName="msft_ScheduleIcon48.png" behavior="0" />
      <RootComponent type="61" schemaName="msft_ScheduleItem.svg" behavior="0" />
      <RootComponent type="61" schemaName="msft_Schedule_icon.svg" behavior="0" />
      <RootComponent type="62" schemaName="msft_SchedulePracticePlanBuilder" behavior="0" />
      <RootComponent type="80" schemaName="msft_SchedulePracticePlanBuilder" behavior="0" />
      <RootComponent type="300" schemaName="msft_schedulebuilderpage_7f466" behavior="0" />
      <RootComponent type="300" schemaName="msft_schedulepracticeplanmobile_5ef9f" behavior="0" />
    </RootComponents>
    <MissingDependencies>
      <MissingDependency>
        <Required type="1" schemaName="msdyn_schedule" displayName="Schedule" solution="msdyn_InsightsAppPlatform (1.0.0.90)">
          <package>InsightsAppPlatformApp_Anchor (1.0.0.42)</package>
        </Required>
        <Dependent type="29" displayName="Schedule Name" id="{15e5f984-2357-ee11-be6f-6045bd006c73}" />
      </MissingDependency>
      <MissingDependency>
        <Required type="2" schemaName="msdyn_schedule" displayName="Schedule" parentSchemaName="msdyn_schedule" parentDisplayName="Schedule" solution="msdyn_InsightsAppPlatform (1.0.0.90)">
          <package>InsightsAppPlatformApp_Anchor (1.0.0.42)</package>
        </Required>
        <Dependent type="29" displayName="Schedule Name" id="{15e5f984-2357-ee11-be6f-6045bd006c73}" />
      </MissingDependency>
      <MissingDependency>
        <Required type="2" schemaName="msdyn_scheduleid" displayName="Schedule" parentSchemaName="msdyn_schedule" parentDisplayName="Schedule" solution="msdyn_InsightsAppPlatform (1.0.0.90)">
          <package>InsightsAppPlatformApp_Anchor (1.0.0.42)</package>
        </Required>
        <Dependent type="29" displayName="Schedule Name" id="{15e5f984-2357-ee11-be6f-6045bd006c73}" />
      </MissingDependency>
      <MissingDependency>
        <Required type="66" schemaName="MscrmControls.ActivityCalendarControl.ActivityCalendarControl" displayName="MscrmControls.ActivityCalendarControl.ActivityCalendarControl" solution="msdyn_UCICalendar (1.0.0.3681)" />
        <Dependent type="68" id="{5a81cdfe-36cf-4a44-bb73-6f17cdcee9a3}" />
      </MissingDependency>
      <MissingDependency>
        <Required type="66" schemaName="MscrmControls.ActivityCalendarControl.ActivityCalendarControl" displayName="MscrmControls.ActivityCalendarControl.ActivityCalendarControl" solution="msdyn_UCICalendar (1.0.0.3681)" />
        <Dependent type="68" id="{5d0f7e9e-9fd7-4582-a254-0641d142b2e8}" />
      </MissingDependency>
      <MissingDependency>
        <Required type="66" schemaName="MscrmControls.ActivityCalendarControl.ActivityCalendarControl" displayName="MscrmControls.ActivityCalendarControl.ActivityCalendarControl" solution="msdyn_UCICalendar (1.0.0.3681)" />
        <Dependent type="68" id="{7c7d08c9-1d7b-4004-80ac-d3ac11b940f4}" />
      </MissingDependency>
      <MissingDependency>
        <Required type="66" schemaName="MscrmControls.Grid.GridControl" displayName="MscrmControls.Grid.GridControl" solution="BaseCustomControlsCore (9.0.2404.1026)" />
        <Dependent type="68" id="{5a81cdfe-36cf-4a44-bb73-6f17cdcee9a3}" />
      </MissingDependency>
      <MissingDependency>
        <Required type="66" schemaName="MscrmControls.Grid.GridControl" displayName="MscrmControls.Grid.GridControl" solution="BaseCustomControlsCore (9.0.2404.1026)" />
        <Dependent type="68" id="{5d0f7e9e-9fd7-4582-a254-0641d142b2e8}" />
      </MissingDependency>
      <MissingDependency>
        <Required type="66" schemaName="MscrmControls.Grid.GridControl" displayName="MscrmControls.Grid.GridControl" solution="BaseCustomControlsCore (9.0.2404.1026)" />
        <Dependent type="68" id="{7c7d08c9-1d7b-4004-80ac-d3ac11b940f4}" />
      </MissingDependency>
      <MissingDependency>
        <Required type="SettingDefinition" displayName="FluentThemingPreview" solution="msdyn_PowerAppsThemingSettings (1.0.0.11)" id.uniquename="FluentThemingPreview" />
        <Dependent type="AppSetting" displayName="parentappmoduleid.uniquename=msft_SchedulePracticePlanBuilder,settingdefinitionid.uniquename=FluentThemingPreview" id.parentappmoduleid.uniquename="msft_SchedulePracticePlanBuilder" id.settingdefinitionid.uniquename="FluentThemingPreview" />
      </MissingDependency>
    </MissingDependencies>
  </SolutionManifest>
</ImportExportXml>